{
	"name" 		: "GeoLocation By IP",
	"author" 	: "Brad Wood <brad@codersrevolution.com.com",
	"version"	: "2.0.0",
	"slug"		: "geolocation-lookup-by-ip",
	"shortDescription" : "Look up and cache a user's countryCode, countryName, regionName, cityName, , zipCode, latitude, longitude, and timeZone by IP address.",
	"type"		: "modules",
	"engines"	: [
		{ "type" : "railo", "version" : ">3.1" },
		{ "type" : "adobe", "version" : ">9.0" },
		{ "type" : "coldbox", "version" : ">4.0" }
	],
	"testbox" 	: {
		"runner" : {}
	},
	"devdependencies" : {
	}
}

